{
  "content_scale": 1.0,
  "armature_data": [
    {
      "strVersion": "1.6.0.0",
      "version": 1.6,
      "name": "Dialog",
      "bone_data": [
        {
          "name": "Contain",
          "parent": "",
          "dI": -1,
          "x": 1.2499494552612305,
          "y": -1.4499516487121582,
          "z": 5,
          "cX": 1.0,
          "cY": 1.0,
          "kX": 0.0,
          "kY": 0.0,
          "arrow_x": 6.961822509765625E-05,
          "arrow_y": 6.1473852838389575E-05,
          "effectbyskeleton": true,
          "bl": 0
        },
        {
          "name": "Header",
          "parent": "",
          "dI": 0,
          "x": -4.8332371711730957,
          "y": 338.5867919921875,
          "z": 4,
          "cX": 1.0,
          "cY": 1.0,
          "kX": 0.0,
          "kY": 0.0,
          "arrow_x": 1.4781951904296875E-05,
          "arrow_y": -1.1224743502680212E-05,
          "effectbyskeleton": true,
          "bl": 0,
          "display_data": [
            {
              "name": "bg_header.png",
              "displayType": 0,
              "skin_data": [
                {
                  "x": -0.2500949,
                  "y": -5.08340454,
                  "cX": 1.0,
                  "cY": 1.0,
                  "kX": 0.0,
                  "kY": 0.0
                }
              ]
            }
          ]
        },
        {
          "name": "Top_Bar",
          "parent": "",
          "dI": 0,
          "x": -2.8332369327545166,
          "y": 262.58676147460938,
          "z": 3,
          "cX": 1.0,
          "cY": 1.0,
          "kX": 0.0,
          "kY": 0.0,
          "arrow_x": 1.5020370483398438E-05,
          "arrow_y": 4.0750506741460413E-05,
          "effectbyskeleton": true,
          "bl": 0,
          "display_data": [
            {
              "name": "bamboo_top.png",
              "displayType": 0,
              "skin_data": [
                {
                  "x": 2.83334374,
                  "y": -4.83328247,
                  "cX": 1.0,
                  "cY": 1.0,
                  "kX": 0.0,
                  "kY": 0.0
                }
              ]
            }
          ]
        },
        {
          "name": "Bot_Bar",
          "parent": "",
          "dI": 0,
          "x": 3.1667637825012207,
          "y": -229.41331481933594,
          "z": 2,
          "cX": 1.0,
          "cY": 1.0,
          "kX": 0.0,
          "kY": 0.0,
          "arrow_x": 1.5735626220703125E-05,
          "arrow_y": -4.8418045480502769E-05,
          "effectbyskeleton": true,
          "bl": 0,
          "display_data": [
            {
              "name": "bamboo_bottom.png",
              "displayType": 0,
              "skin_data": [
                {
                  "x": -0.666657,
                  "y": -2.83328247,
                  "cX": 1.0,
                  "cY": 1.0,
                  "kX": 0.0,
                  "kY": 0.0
                }
              ]
            }
          ]
        },
        {
          "name": "Contain_Bg",
          "parent": "",
          "dI": 0,
          "x": -1.8332366943359375,
          "y": 244.08677673339844,
          "z": 1,
          "cX": 1.0,
          "cY": 1.0,
          "kX": 0.0,
          "kY": 0.0,
          "arrow_x": 1.5735626220703125E-05,
          "arrow_y": 9.0408357209526E-06,
          "effectbyskeleton": true,
          "bl": 0,
          "display_data": [
            {
              "name": "bg_content.png",
              "displayType": 0,
              "skin_data": [
                {
                  "x": -0.6667557,
                  "y": 3.499878,
                  "cX": 1.0,
                  "cY": 1.0,
                  "kX": 0.0,
                  "kY": 0.0
                }
              ]
            }
          ]
        }
      ]
    }
  ],
  "animation_data": [
    {
      "name": "Dialog",
      "mov_data": [
        {
          "name": "Appear",
          "dr": 54,
          "lp": false,
          "to": 0,
          "drTW": 0,
          "twE": 0,
          "sc": 1.0,
          "mov_bone_data": [
            {
              "name": "Contain",
              "dl": 0.0,
              "frame_data": [
                {
                  "dI": -1,
                  "x": -2.5000004768371582,
                  "y": 222.50007629394531,
                  "z": 0,
                  "cX": 1.0,
                  "cY": 1.0,
                  "kX": 0.0,
                  "kY": 0.0,
                  "fi": 0,
                  "twE": 0,
                  "tweenFrame": true,
                  "color": {
                    "a": 0,
                    "r": 255,
                    "g": 255,
                    "b": 255
                  },
                  "bd_src": 1,
                  "bd_dst": 771
                },
                {
                  "dI": -1,
                  "x": -2.5000004768371582,
                  "y": 222.50007629394531,
                  "z": 0,
                  "cX": 1.0,
                  "cY": 1.0,
                  "kX": 0.0,
                  "kY": 0.0,
                  "fi": 25,
                  "twE": 0,
                  "tweenFrame": true,
                  "color": {
                    "a": 0,
                    "r": 255,
                    "g": 255,
                    "b": 255
                  },
                  "bd_src": 1,
                  "bd_dst": 771
                },
                {
                  "dI": -1,
                  "x": 0.0,
                  "y": 0.0,
                  "z": 0,
                  "cX": 1.0,
                  "cY": 1.0,
                  "kX": 0.0,
                  "kY": 0.0,
                  "fi": 40,
                  "twE": 0,
                  "tweenFrame": true,
                  "color": {
                    "a": 255,
                    "r": 255,
                    "g": 255,
                    "b": 255
                  },
                  "bd_src": 1,
                  "bd_dst": 771
                }
              ]
            },
            {
              "name": "Header",
              "dl": 0.0,
              "frame_data": [
                {
                  "dI": 0,
                  "x": 0.0,
                  "y": 0.0,
                  "z": 0,
                  "cX": 1.0,
                  "cY": 1.0,
                  "kX": 0.0,
                  "kY": 0.0,
                  "fi": 0,
                  "twE": 0,
                  "tweenFrame": true,
                  "bd_src": 1,
                  "bd_dst": 771
                }
              ]
            },
            {
              "name": "Top_Bar",
              "dl": 0.0,
              "frame_data": [
                {
                  "dI": 0,
                  "x": 0.0,
                  "y": 0.0,
                  "z": 0,
                  "cX": 1.0,
                  "cY": 1.0,
                  "kX": 0.0,
                  "kY": 0.0,
                  "fi": 0,
                  "twE": 0,
                  "tweenFrame": true,
                  "bd_src": 1,
                  "bd_dst": 771
                }
              ]
            },
            {
              "name": "Bot_Bar",
              "dl": 0.0,
              "frame_data": [
                {
                  "dI": 0,
                  "x": -5.0000009536743164,
                  "y": 442.50006103515625,
                  "z": 0,
                  "cX": 1.0,
                  "cY": 1.0,
                  "kX": 0.0,
                  "kY": 0.0,
                  "fi": 0,
                  "twE": 0,
                  "tweenFrame": true,
                  "bd_src": 1,
                  "bd_dst": 771
                },
                {
                  "dI": 0,
                  "x": -5.0000009536743164,
                  "y": 442.50006103515625,
                  "z": 0,
                  "cX": 1.0,
                  "cY": 1.0,
                  "kX": 0.0,
                  "kY": 0.0,