{
  "content_scale": 1.0,
  "armature_data": [
    {
      "strVersion": "1.6.0.0",
      "version": 1.6,
      "name": "story",
      "bone_data": [
        {
          "name": "s6",
          "parent": "",
          "dI": 0,
          "x": 226.50006103515625,
          "y": -53.580036163330078,
          "z": 6,
          "cX": 1.0,
          "cY": 1.0,
          "kX": 0.0,
          "kY": 0.0,
          "arrow_x": -0.00012874603271484375,
          "arrow_y": 4.26673905167263E-05,
          "effectbyskeleton": true,
          "bl": 0,
          "display_data": [
            {
              "name": "cutscene_6.png",
              "displayType": 0,
              "skin_data": [
                {
                  "x": -1.500061,
                  "y": -1.74995041,
                  "cX": 1.0,
                  "cY": 1.0,
                  "kX": 0.0,
                  "kY": 0.0
                }
              ]
            }
          ]
        },
        {
          "name": "s5",
          "parent": "",
          "dI": 0,
          "x": -222.24998474121094,
          "y": -176.08004760742188,
          "z": 5,
          "cX": 1.0,
          "cY": 1.0,
          "kX": 0.0,
          "kY": 0.0,
          "arrow_x": 1.1563301086425781E-05,
          "arrow_y": 4.6730201574973762E-07,
          "effectbyskeleton": true,
          "bl": 0,
          "display_data": [
            {
              "name": "cutscene_5.png",
              "displayType": 0,
              "skin_data": [
                {
                  "x": 0.249984741,
                  "y": 1.500061,
                  "cX": 1.0,
                  "cY": 1.0,
                  "kX": 0.0,
                  "kY": 0.0
                }
              ]
            }
          ]
        },
        {
          "name": "s4",
          "parent": "",
          "dI": 0,
          "x": -189.74998474121094,
          "y": 6.41996955871582,
          "z": 4,
          "cX": 1.0,
          "cY": 1.0,
          "kX": 0.0,
          "kY": 0.0,
          "arrow_x": 1.4662742614746094E-05,
          "arrow_y": 4.83894364151638E-05,
          "effectbyskeleton": true,
          "bl": 0,
          "display_data": [
            {
              "name": "cutscene_4.png",
              "displayType": 0,
              "skin_data": [
                {
                  "x": 1.24998474,
                  "y": -1.99995613,
                  "cX": 1.0,
                  "cY": 1.0,
                  "kX": 0.0,
                  "kY": 0.0
                }
              ]
            }
          ]
        },
        {
          "name": "s3",
          "parent": "",
          "dI": 0,
          "x": -99.7499771118164,
          "y": 182.66995239257813,
          "z": 3,
          "cX": 1.0,
          "cY": 1.0,
          "kX": 0.0,
          "kY": 0.0,
          "arrow_x": -9.8824501037597656E-05,
          "arrow_y": -3.3984186302404851E-05,
          "effectbyskeleton": true,
          "bl": 0,
          "display_data": [
            {
              "name": "cutscene_3.png",
              "displayType": 0,
              "skin_data": [
                {
                  "x": -0.2500229,
                  "y": -2.99996948,
                  "cX": 1.0,
                  "cY": 1.0,
                  "kX": 0.0,
                  "kY": 0.0
                }
              ]
            }
          ]
        },
        {
          "name": "s2",
          "parent": "",
          "dI": 0,
          "x": 141.50004577636719,
          "y": 228.91995239257813,
          "z": 2,
          "cX": 1.0,
          "cY": 1.0,
          "kX": 0.0,
          "kY": 0.0,
          "arrow_x": -1.4781951904296875E-05,
          "arrow_y": 3.1461713660974056E-05,
          "effectbyskeleton": true,
          "bl": 0,
          "display_data": [
            {
              "name": "cutscene_2.png",
              "displayType": 0,
              "skin_data": [
                {
                  "x": 1.999939,
                  "y": -0.7499695,
                  "cX": 1.0,
                  "cY": 1.0,
                  "kX": 0.0,
                  "kY": 0.0
                }
              ]
            }
          ]
        },
        {
          "name": "s1",
          "parent": "",
          "dI": 0,
          "x": -332.25,
          "y": 152.66995239257813,
          "z": 1,
          "cX": 1.0,
          "cY": 1.0,
          "kX": 0.0,
          "kY": 0.0,
          "arrow_x": 1.0728836059570313E-06,
          "arrow_y": 2.41899469983764E-05,
          "effectbyskeleton": true,
          "bl": 0,
          "display_data": [
            {
              "name": "cutscene_1.png",
              "displayType": 0,
              "skin_data": [
                {
                  "x": 1.75,
                  "y": -0.7499695,
                  "cX": 1.0,
                  "cY": 1.0,
                  "kX": 0.0,
                  "kY": 0.0
                }
              ]
            }
          ]
        }
      ]
    }
  ],
  "animation_data": [
    {
      "name": "story",
      "mov_data": [
        {
          "name": "Appear",
          "dr": 176,
          "lp": true,
          "to": 0,
          "drTW": 0,
          "twE": 0,
          "sc": 1.0,
          "mov_bone_data": [
            {
              "name": "s6",
              "dl": 0.0,
              "frame_data": [
                {
                  "dI": 0,
                  "x": 0.0,
                  "y": 0.0,
                  "z": 0,
                  "cX": 1.0,
                  "cY": 1.0,
                  "kX": 0.0,
                  "kY": 0.0,
                  "fi": 0,
                  "twE": 0,
                  "tweenFrame": true,
                  "color": {
                    "a": 0,
                    "r": 255,
                    "g": 255,
                    "b": 255
                  },
                  "bd_src": 1,
                  "bd_dst": 771
                },
                {
                  "dI": 0,
                  "x": 0.0,
                  "y": 0.0,
                  "z": 0,
                  "cX": 1.0,
                  "cY": 1.0,
                  "kX": 0.0,
                  "kY": 0.0,
                  "fi": 80,
                  "twE": 0,
                  "tweenFrame": true,
                  "color": {
                    "a": 0,
                    "r": 255,
                    "g": 255,
                    "b": 255
                  },
                  "bd_src": 1,
                  "bd_dst": 771
                }
              ]
            },
            {
              "name": "s5",
              "dl": 0.0,
              "frame_data": [
                {
                  "dI": 0,
                  "x": 0.0,
                  "y": 0.0,
                  "z": 0,
                  "cX": 1.0,
                  "cY": 1.0,
                  "kX": 0.0,
                  "kY": 0.0,
                  "fi": 0,
                  "twE": 0,
                  "tweenFrame": true,
                  "color": {
                    "a": 0,
                    "r": 255,
                    "g": 255,
                    "b": 255
                  },
                  "bd_src": 1,
                  "bd_dst": 771
                },
                {
                  "dI": 0,
                  "x": 0.0,
                  "y": 0.0,
                  "z": 0,
                  "cX": 1.0,
                  "cY": 1.0,
                  "kX": 0.0,
                  "kY": 0.0,
                  "fi": 60,
                  "twE": 0,
                  "tweenFrame": true,
                  "color": {
                    "a": 0,
                    "r": 255,
                    "g": 255,
                    "b": 255
                  },
                  "bd_src": 1,
                  "bd_dst": 771
                }
              ]
            },
            {
              "name": "s4",
              "dl": 0.0,